Lon;Lat;Label;Annotation
15.9394944947;35.3081454828;1;9.5x3.4x2.1
15.9405911378;35.3088004458;1;HMN010a_S4B2_T002
14.7213657183;35.3255661346;1;7.0x2.6xnmh
14.6889594038;35.3256399302;1;4.3x1.6x0.2
14.7223590660;35.3262319340;1;HMN010a_S4B4_T003
14.6900462007;35.3263062340;1;HMN010a_S4B4_T002
14.6051139738;35.3278978242;1;4.8x2.4x0.6
15.5009160501;35.3280137339;1;3.0x1.6xnmh
14.6062001058;35.3285648774;1;HMN010a_S4B4_T001
15.5019157707;35.3286730959;1;HMN010a_S4B2_T001
14.9453508699;35.3364287711;1;7.5x0.9x1.7
14.9459597018;35.3366541248;1;HMN010a_S4B3_T002
15.1528992912;35.3416600691;1;8.5x4.6x0.3
15.1523541034;35.3418700827;1;HMN010a_S4B3_T001
13.9667658306;35.5476515123;1;4.8x3.2xnmh
13.9677555311;35.5483234465;1;HMN010a_S4B5_T007
13.9671969492;35.5484089826;1;3.2x2.5xnmh
13.9681866626;35.5490809134;1;HMN010a_S4B5_T006
13.9662970479;35.5492799759;1;3.7x6.1x0.9
13.9646558761;35.5498932366;1;2.4x2.4xnmh
13.9673807255;35.5499527180;1;HMN010a_S4B5_T005
13.9634110199;35.5504460582;1;1.0x3.2xnmh
13.9656455856;35.5505651880;1;HMN010a_S4B5_T004
13.9624681325;35.5510869296;1;3.4x5.7xnmh
13.9644007255;35.5511180197;1;HMN010a_S4B5_T003
13.9634578377;35.5517588988;1;HMN010a_S4B5_T002
13.9599769088;35.5533741999;1;6.3x2.7xnmh
13.9609666204;35.5540461894;1;HMN010a_S4B5_T001
13.8719080582;35.6692669903;1;147.0xnmhxnmh
13.8725695987;35.6697967028;1;143.1xnmhxnmh
13.8730858526;35.6699414525;1;HMN010c_PES_MALTA_T010
13.8737474065;35.6704711587;1;HMN010c_PES_MALTA_T009
13.7306698676;35.8033250353;1;5.1x3.1x0.4
13.7317548826;35.8039998991;1;HMN010a_S4B6_T001
13.6993956391;35.8050322788;1;7.3x3.3x0.7
13.7004804034;35.8057074198;1;HMN010a_S4B6_T002
13.5672174417;35.9106405527;1;4.5x4.1x0.3
13.5683059696;35.9113169248;1;HMN010a_S4B6_T003
13.4854466925;35.9815049290;1;6.0x1.7xnmh
13.4864374760;35.9821808064;1;HMN010a_S5B0_T001
13.4759255168;35.9912020636;1;2.9x5.2x0.4
13.4770107991;35.9918792183;1;HMN010a_S5B0_T004
13.4188129147;36.0557152493;1;5.0x3.8xnmh
13.4198040142;36.0563916783;1;HMN010a_S5B0_T007
13.3995448416;36.0719756877;1;3.6x3.4xnmh
13.4005359687;36.0726522753;1;HMN010a_S5B0_T006
13.3614790018;36.1147212326;1;4.5x4.2x0.3
13.3625649203;36.1153994286;1;HMN010a_S5B0_T002
13.2114850713;36.3017484494;1;9.1x2.4xnmh
13.2124773336;36.3024266047;1;HMN010a_S5B0_T005
13.1343480272;36.3347304967;1;9.5x7.4xnmh
13.1353399987;36.3354092820;1;HMN010a_S5B0_T003
13.7083713482;35.8049873464;2;HMN010a_S4B6_H003
13.7083059533;35.8063616096;2;HMN010a_S4B6_H002
13.7084681822;35.8072354342;2;HMN010a_S4B6_H001
13.4868675078;35.9833599346;3;5.2nT
13.4877099489;35.9836482711;3;HMN010a_S5B0_M001
13.3988832002;36.0725279185;3;3.1nT
13.3997262352;36.0728168850;3;HMN010a_S5B0_M003
13.3265414346;36.1890588876;3;51.1nT
13.3273257230;36.1893475495;3;HMN010a_S5B0_M006
13.3235919583;36.1904208552;3;60.9nT
13.3243762485;36.1907095364;3;HMN010a_S5B0_M004
13.3234509350;36.1910457735;3;10.4nT
13.3242352308;36.1913344557;3;HMN010a_S5B0_M005
13.3254604307;36.1924087911;3;50.5nT
13.3262447477;36.1926974607;3;HMN010a_S5B0_M008
13.1459139581;36.3332965193;3;2.8nT
13.1467587475;36.3335873088;3;HMN010a_S5B0_M009
13.0936575600;36.3560002314;3;10.2nT
13.0944425686;36.3562904370;3;HMN010a_S5B0_M002
15.9426081173;35.3107159701;4;HMN010a_S4B2_C15
15.9207070780;35.3116593644;4;HMN010a_S4B2_C03
15.8837069555;35.3132235364;4;HMN010a_S4B2_C04
15.9758073793;35.3147699579;4;HMN010a_S4B2_C02
15.8397521632;35.3149214348;4;HMN010a_S4B2_C05
15.7958569340;35.3166557282;4;HMN010a_S4B2_C06
15.7519323179;35.3183202769;4;HMN010a_S4B2_C07
16.0143199706;35.3188418213;4;HMN010a_S4B2_C01
15.7079090687;35.3200385495;4;HMN010a_S4B2_C08
15.6640460573;35.3217350432;4;HMN010a_S4B2_C09
14.7386552144;35.3230305841;4;HMN010a_S4B4_C03
15.6301214148;35.3233875899;4;HMN010a_S4B2_C10
14.6976279569;35.3249622003;4;HMN010a_S4B4_C04
15.5761802087;35.3253039127;4;HMN010a_S4B2_C11
14.6396943005;35.3255034652;4;HMN010a_S4B4_C05
14.7848437940;35.3268573579;4;HMN010a_S4B4_C02
15.5323491924;35.3269427958;4;HMN010a_S4B2_C12
14.6015770968;35.3279142653;4;HMN010a_S4B4_C06
15.2905312436;35.3282949041;4;HMN010a_S4B3_C04
15.3124469662;35.3284776606;4;HMN010a_S4B3_C03
15.4881839364;35.3288111137;4;HMN010a_S4B2_C13
14.5709475387;35.3293343729;4;HMN010a_S4B4_C07
15.3572935011;35.3293894253;4;HMN010a_S4B3_C02
15.4444304205;35.3304765221;4;HMN010a_S4B2_C14
14.5218142311;35.3314239470;4;HMN010a_S4B4_C08
14.8287208013;35.3316950288;4;HMN010a_S4B4_C01
15.4004562401;35.3322033405;4;HMN010a_S4B3_C01
14.4777263971;35.3334116131;4;HMN010a_S4B4_C09B
15.2302853511;35.3338701648;4;HMN010a_S4B3_C05
14.8725353946;35.3345292460;4;HMN010a_S4B3_C13
14.4450540084;35.3348111439;4;HMN010a_S4B4_C10
14.4449058605;35.3349554253;4;HMN010a_S4B4_C10A
14.3899177468;35.3371402981;4;HMN010a_S4B4_C11
14.9164059607;35.3373175892;4;HMN010a_S4B3_C12
14.3460701301;35.3388953289;4;HMN010a_S4B4_C12
15.1811700062;35.3389562256;4;HMN010a_S4B3_C06
14.9437667432;35.3390325818;4;HMN010a_S4B3_C11
15.1427155426;35.3403179436;4;HMN010a_S4B3_C07
14.3020471416;35.3407514046;4;HMN010a_S4B5_C01
14.9937810446;35.3410909562;4;HMN010a_S4B3_C10
15.0889639605;35.3413232618;4;HMN010a_S4B3_C08
15.0487253845;35.3420929239;4;HMN010a_S4B3_C09
14.2590541302;35.3474862409;4;HMN010a_S4B5_C02
14.2326528032;35.3607403815;4;HMN010a_S4B5_C03
14.1849105934;35.3860977889;4;HMN010a_S4B5_C04
14.1475787751;35.4051483450;4;HMN010a_S4B5_C05
14.1180730131;35.4179959755;4;HMN010a_S4B5_C06
14.0787589502;35.4423237820;4;HMN010a_S4B5_C07
14.0371454299;35.4645210421;4;HMN010a_S4B5_C08
14.0053951793;35.4894100596;4;HMN010a_S4B5_C09
13.9808387920;35.5194341078;4;HMN010a_S4B5_C010
13.9686800520;35.5423252110;4;HMN010a_S4B5_C011
13.9397838463;35.5830453551;4;HMN010a_S4B5_C012
13.9132052774;35.6116444885;4;HMN010a_S4B5_C013
13.8865700832;35.6404113893;4;HMN010a_S4B6_C01
13.8633534984;35.6708752384;4;HMN010a_S4B6_C02
13.8636777184;35.6770149316;4;HMN010c_PES_MALTA_C11
13.8403318696;35.7004114576;4;HMN010a_S4B6_C03
13.8150054412;35.7279127566;4;HMN010a_S4B6_C04
13.7891901414;35.7590529530;4;HMN010a_S4B6_C05
13.7626035689;35.7891565167;4;HMN010a_S4B6_C06
13.7195327626;35.8063752534;4;HMN010a_S4B6_C07
13.6761374055;35.8079495068;4;HMN010a_S4B6_C08
13.6389352900;35.8241602344;4;HMN010a_S4B6_C09
13.6180817051;35.8550736843;4;HMN010a_S4B6_C10
13.5939172933;35.8879074711;4;HMN010a_S4B6_C11
13.5617681601;35.9142514642;4;HMN010a_S4B6_C12
13.5319359074;35.9368694747;4;HMN010a_S5B0_C01
13.5051557472;35.9646230676;4;HMN010a_S5B0_C02
13.4756075713;35.9950737183;4;HMN010a_S5B0_C03
13.4481381018;36.0235323389;4;HMN010a_S5B0_C04
13.4206481491;36.0517418268;4;HMN010a_S5B0_C05
13.3932028958;36.0800247514;4;HMN010a_S5B0_C06
13.3669967422;36.1088994055;4;HMN010a_S5B0_C07A
13.3435566642;36.1394527917;4;HMN010a_S5B0_C08
13.3197867106;36.2081246714;4;HMN010a_S5B0_C010
13.2993536993;36.2397101153;4;HMN010a_S5B0_C011
13.2693233099;36.2663750940;4;HMN010a_S5B0_C012
13.1971662955;36.3081309110;4;HMN010a_S5B0_C014
13.1584387137;36.3260347430;4;HMN010a_S5B0_C015
13.0810761646;36.3618603236;4;HMN010a_S5B0_C017
15.9464281562;35.3105670624;5;HMN010a_S4B2_K01A
15.8399926496;35.3138582610;5;HMN010a_S4B2_K02A
15.7299955474;35.3192583756;5;HMN010a_S4B2_K03A
15.6299228213;35.3226486857;5;HMN010a_S4B2_K04A
14.7386965120;35.3231013738;5;HMN010a_S4B4_K01A
14.6315761026;35.3259538917;5;HMN010a_S4B4_K02A
15.5103014165;35.3278919553;5;HMN010a_S4B2_K05A
14.5847090864;35.3287323449;5;HMN010a_S4B4_K03A
15.4015817193;35.3314483406;5;HMN010a_S4B3_K01A
14.5216572799;35.3314996795;5;HMN010a_S4B4_K04A
15.2576783838;35.3323833018;5;HMN010a_S4B3_K02A
14.8506680337;35.3331711030;5;HMN010a_S4B3_K06A
14.4118913566;35.3361935453;5;HMN010a_S4B4_K05A
15.1812013232;35.3390527846;5;HMN010a_S4B3_K03C
15.1812029101;35.3390538012;5;HMN010a_S4B3_K03B
15.1812441835;35.3390669672;5;HMN010a_S4B3_K03A
14.3019398504;35.3408016921;5;HMN010a_S4B5_K01A
14.9895718608;35.3408874054;5;HMN010a_S4B3_K05A
15.0637625786;35.3419176253;5;HMN010a_S4B3_K04A
14.2032669433;35.3764098268;5;HMN010a_S4B5_K02A
14.1088555961;35.4227281095;5;HMN010a_S4B5_K03A
14.0200673228;35.4759931475;5;HMN010a_S4B5_K04A
13.9568169420;35.5607098453;5;HMN010a_S4B5_K05A
13.8996102057;35.6257909106;5;HMN010a_S4B6_K01A
13.8645282286;35.6766324962;5;HMN010_PES_MALTA_K04
13.8403952172;35.7005695006;5;HMN010a_S4B6_K02A
13.7764206140;35.7759736677;5;HMN010a_S4B6_K03A
13.6759989754;35.8079061309;5;HMN010a_S4B6_K04A
13.6065466056;35.8721653796;5;HMN010a_S4B6_K05A
13.5268685243;35.9424410624;5;HMN010a_S5B0_K01A
13.4019745235;36.0714365438;5;HMN010a_S5B0_K03A
13.3090745047;36.2287380621;5;HMN010a_S5B0_K05A
13.2306769399;36.2919207947;5;HMN010a_S5B0_K06A
13.1345587047;36.3373672012;5;HMN010a_S5B0_K07A
15.9654117658;35.3061564003;6;sr
15.9680693769;35.3071668643;6;sr
15.9657194332;35.3074263019;6;r
15.9724290837;35.3076715222;6;r
15.9528215464;35.3077600379;6;r
15.9743232418;35.3078667599;6;sr
15.9614446407;35.3079454370;6;r
15.9560446050;35.3083486925;6;r
15.9443454694;35.3083811448;6;r
15.9676057114;35.3085064097;6;sr
15.9769888288;35.3085804338;6;r
15.9644787799;35.3086454655;6;sr
15.9726066008;35.3087797437;6;r
15.9334469508;35.3088587165;6;sr
15.9364169590;35.3088690626;6;r
15.9455136282;35.3089884826;6;sr
15.9501187022;35.3090207789;6;r
15.9483069455;35.3091507052;6;sr
15.9413688895;35.3094937052;6;sr
15.9833162018;35.3095723269;6;r
15.9764832595;35.3096697915;6;sr
15.9309676167;35.3097010705;6;buried rock
15.9309818627;35.3097449649;6;1.41
15.9793524058;35.3097716341;6;r
15.9324102310;35.3097778302;6;1.82
15.9210004332;35.3098201276;6;Thickness > 3m
15.9738426140;35.3098505594;6;sr
15.9303530159;35.3099078013;6;1.33
15.9162135794;35.3099569828;6;fs
15.9290498830;35.3099754758;6;2.32
15.9478715515;35.3099850064;6;sr
15.9355673860;35.3100360064;6;sr
15.9658551433;35.3101053606;6;r
15.9387022919;35.3101470911;6;r
15.9438116295;35.3101472355;6;sr
15.9577805345;35.3102166046;6;r
15.9825618351;35.3102491565;6;sr
15.9562571577;35.3103789682;6;sr
15.9378291819;35.3104763252;6;sr
15.9520332556;35.3105551016;6;sr
15.9728949813;35.3106059320;6;r
15.9097645738;35.3108486607;6;fs
15.9513683456;35.3108701358;6;r
15.9884481561;35.3109536508;6;sr
15.9907212603;35.3109582828;6;sr
15.9807750183;35.3109953844;6;sr
15.9279569601;35.3111561385;6;buried rock
15.9272969973;35.3112200560;6;1.51
15.9758522792;35.3113892319;6;r
15.9610884110;35.3113892404;6;r
15.9645206853;35.3114680317;6;r
15.9688463686;35.3114726641;6;r
15.9843792472;35.3115607180;6;r
15.9671307402;35.3116072086;6;sr
15.9004689318;35.3116358665;6;Soft CLAY
15.8805948739;35.3117247923;6;Thickness > 2m
15.9715096327;35.3117461208;6;r
15.9351736419;35.3118090479;6;Soft CLAY
15.9935654693;35.3118203703;6;sr
15.9590900588;35.3118204231;6;sr
15.9302130924;35.3118449830;6;Thickness > 1m
15.9425880637;35.3119285455;6;Soft CLAY
15.9548284931;35.3119358233;6;Soft CLAY
15.8568531076;35.3120709574;6;fs
15.9794768066;35.3121447146;6;r
15.8736633050;35.3122181784;6;Soft CLAY
15.8538905706;35.3123522757;6;Thickness > 3m
15.8896745409;35.3124900407;6;Thickness > 3m
15.9949757585;35.3124969538;6;r
15.9645240230;35.3125480881;6;sr
15.9897001213;35.3126220973;6;r
15.9519590678;35.3126739394;6;Thickness > 1m
15.9717448045;35.3127659158;6;sr
15.9819478185;35.3128306687;6;r
15.9467087818;35.3128393904;6;Soft CLAY
15.9616289259;35.3129188773;6;sr
15.9280791593;35.3129838360;6;fs
15.9382382516;35.3129946342;6;Soft CLAY
16.0009186259;35.3130160501;6;r
15.8291205324;35.3132922505;6;Thickness > 3m
15.8337228665;35.3133131836;6;Silty CLAY
15.8671696486;35.3133337214;6;Thickness > 2m
15.9160471271;35.3133519493;6;Thickness > 3m
15.9082001482;35.3134580452;6;Thickness > 3m
16.0045770802;35.3136602832;6;r
15.9798872688;35.3137438464;6;sr
15.8120505820;35.3139512359;6;pm 47 m
15.8467864535;35.3140270824;6;Thickness > 3m
15.9929401442;35.3140588789;6;r
15.9985324329;35.3140727799;6;r
15.9696017561;35.3141239088;6;sr
15.9749452471;35.3141378064;6;sr
15.8074242348;35.3143722893;6;Thickness > 3m
15.8948071339;35.3143825312;6;Soft CLAY
15.9897736313;35.3144389288;6;r
15.9857985262;35.3144389311;6;r
15.8855842333;35.3144501829;6;Soft CLAY
16.0033469269;35.3145425252;6;Thickness > 1m
15.9822248899;35.3145640706;6;r
16.0014925690;35.3146271285;6;fs
15.8232831925;35.3148262851;6;Silty CLAY
15.7986876023;35.3148427669;6;Soft CLAY
15.8766041268;35.3148606707;6;Thickness > 2m
15.8575249159;35.3150419137;6;fs
15.7953575433;35.3150953813;6;Thickness > 3m
15.8149616898;35.3153594335;6;Thickness > 3m
16.0104320271;35.3153674602;6;Thickness > 3m
15.8681843151;35.3153871900;6;Soft CLAY
15.8490303484;35.3154473149;6;Silty CLAY
15.7779077672;35.3155450562;6;Thickness > 3m
15.9981083476;35.3156254040;6;r
15.9811029878;35.3159499612;6;sr
16.0069016251;35.3160307582;6;Soft CLAY
15.7830553440;35.3160555078;6;Soft CLAY
15.9947835093;35.3163901200;6;r
15.7579267502;35.3164131407;6;Thickness > 3m
15.9861863736;35.3166034356;6;sr
15.8313088560;35.3167682583;6;Thickness > 3m
16.0135286765;35.3169078688;6;Soft CLAY
15.7436617132;35.3169376882;6;Soft CLAY
16.0033839861;35.3169879774;6;r
15.9889254603;35.3170667735;6;r
15.8111389658;35.3171153005;6;Soft CLAY
15.9862904692;35.3174560779;6;r
15.9994880443;35.3175163194;6;r
15.7853830323;35.3175471593;6;Thickness > 3m
15.8002145932;35.3175533470;6;Thickness > 3m
15.7782729421;35.3175634952;6;pm 25 m
15.9921881004;35.3177063397;6;r
15.7636324503;35.3177265478;6;Soft CLAY
15.8071528507;35.3177277680;6;Thickness > 3m
15.7227933968;35.3177329394;6;Thickness > 3m
15.7125657300;35.3179168677;6;Silty CLAY
16.0205953152;35.3181363391;6;Soft CLAY
16.0073382166;35.3181371121;6;Thickness > 3m
15.7780745588;35.3182301149;6;pm 30 m
15.9892454550;35.3184572490;6;sr
15.7933558832;35.3184832822;6;Thickness > 3m
15.7276629372;35.3184915851;6;Soft CLAY
15.7720497359;35.3185529353;6;Thickness > 3m
15.7189262410;35.3186377975;6;pm 45 m
15.7895932610;35.3187619120;6;Soft CLAY
15.7200935122;35.3189774194;6;pm 50 m
15.7017236145;35.3190368548;6;Thickness > 3m
16.0226634404;35.3190398842;6;Thickness > 3m
15.7486280533;35.3191207920;6;Thickness > 3m
15.7411139841;35.3192158618;6;Thickness > 3m
15.6951293883;35.3193338635;6;Silty CLAY
15.9976503373;35.3194257298;6;r
16.0035592773;35.3194581674;6;r
15.6802037352;35.3195406603;6;Thickness > 3m
16.0286056181;35.3196994887;6;Soft CLAY
15.6664171253;35.3197913405;6;pm 128 m
16.0150954293;35.3198241251;6;Thickness > 3m
15.7165800960;35.3199257909;6;pm 133 m
15.7601484941;35.3199566956;6;Thickness > 3m
16.0010939211;35.3200513738;6;r
15.6765211131;35.3200593903;6;Soft CLAY
15.7738454309;35.3200781960;6;pm 38 m
16.0123503963;35.3201161073;6;Soft CLAY
15.7309956664;35.3203323987;6;Thickness > 3m
16.0307672351;35.3203502463;6;Thickness > 2m
16.0098136293;35.3203963174;6;r
15.6504271564;35.3205048057;6;Thickness > 3m
15.7377934228;35.3206801578;6;Soft CLAY
14.7483105085;35.3208223899;6;r
14.7432363846;35.3208613785;6;r
15.6715467104;35.3208615179;6;Thickness > 3m
15.6582160744;35.3208627791;6;Soft CLAY
16.0070424432;35.3208762889;6;r
15.6437642054;35.3208764974;6;r
14.7404957417;35.3209129316;6;r
14.7531449213;35.3211575774;6;r
15.6525168960;35.3211755862;6;r
16.0221886037;35.3211784265;6;Soft CLAY
14.7513450101;35.3212102341;6;r
16.0386995302;35.3212190753;6;Slumping area with boulders
14.7498709271;35.3212191613;6;fs
14.7574430740;35.3213305433;6;r
15.7106272553;35.3213677273;6;pm 50 m
15.6350016611;35.3213750597;6;Silty CLAY
14.7469449536;35.3213913740;6;r
14.7551216083;35.3214208537;6;r
15.6112282817;35.3215253222;6;r
15.7149620366;35.3215582733;6;Thickness > 3m
15.6255247586;35.3215894017;6;Thickness > 1m
15.6106718402;35.3215998416;6;sr
15.7228416459;35.3216286970;6;pm
14.7124138151;35.3216297582;6;r
14.7620071326;35.3216333090;6;r
14.7354089608;35.3216644541;6;Soft CLAY
14.7446487979;35.3217016161;6;r
14.7113230091;35.3217534130;6;r
15.7016901825;35.3217640069;6;Silty CLAY
15.6081555934;35.3217666796;6;sr
16.0337041845;35.3217704942;6;Slumping area with boulders
15.7242230974;35.3219133348;6;pm 72 m
15.6146624703;35.3219416783;6;Thickness > 1m
14.7418318631;35.3219666135;6;r
14.7599018813;35.3219755682;6;r
16.0302305435;35.3219794660;6;fs
15.6870570099;35.3219875611;6;Thickness > 3m
14.7531127801;35.3220000615;6;r
15.6448494081;35.3220772353;6;fs
16.0337780472;35.3221686457;6;Thickness > 1m
14.7178311192;35.3222027104;6;r
16.0164572463;35.3222381253;6;Soft CLAY
14.7559163647;35.3222783361;6;r
14.7515217880;35.3223291555;6;r
14.7049053591;35.3223442456;6;r
15.6100159210;35.3223830366;6;sr
16.0266326815;35.3224547381;6;Thickness > 3m
15.6030933722;35.3224607911;6;Thickness > 2m
15.6108607408;35.3224938877;6;r
15.6952447285;35.3225621593;6;Thickness > 3m
14.7495936943;35.3226529643;6;r
14.7486379329;35.3226774671;6;fs
15.6090230323;35.3226885273;6;r
15.6499194662;35.3226903835;6;r
15.6829777651;35.3226992672;6;Soft CLAY
14.7503006147;35.3229246421;6;r
16.0190099718;35.3229308397;6;Thickness > 3m
15.6212815798;35.3229738108;6;Silty CLAY
14.6480105783;35.3229877128;6;r
14.7534020524;35.3230268267;6;r
15.6516146249;35.3230304950;6;Thickness > 3m
14.7435046662;35.3231106112;6;r
15.6668787229;35.3231445396;6;Soft CLAY
15.5855983617;35.3231653072;6;Thickness > 3m
14.6490036753;35.3231676106;6;r
14.6470610074;35.3231969608;6;r
15.6767390263;35.3232846642;6;Thickness > 2m
14.7457771501;35.3233303592;6;r
14.6743294984;35.3233703001;6;r
16.0368567960;35.3233991108;6;Thickness > 1m
14.7253130871;35.3234092833;6;Thickness > 1m
15.6751383243;35.3234550574;6;pm
16.0300335861;35.3234592357;6;Thickness > 1m
15.5982626870;35.3234822239;6;POSSIBLE FRANCE - ISRAEL
14.6995678236;35.3234837449;6;Thickness > 3m
15.6800463181;35.3235048061;6;pm
16.0241084272;35.3235546521;6;Soft CLAY
14.6516811375;35.3235653998;6;fs
14.6358856584;35.3235857747;6;r
14.6727249008;35.3235923166;6;r
15.6608258078;35.3236282503;6;Thickness > 3m
14.7474836131;35.3236318394;6;r
14.7619464461;35.3236437706;6;Thickness > 2m
14.7355828771;35.3236880725;6;Thickness > 2m
14.7187640635;35.3237712630;6;Soft CLAY
15.5828202110;35.3237890583;6;pm 162 m
14.7082159824;35.3237968132;6;fs
15.5669273064;35.3238796253;6;Soft CLAY
14.6477432063;35.3239419507;6;r
15.6382158269;35.3240286671;6;Silty CLAY
14.7491407009;35.3240363121;6;r
14.7520126146;35.3240447092;6;fs
15.5597346960;35.3240969454;6;Thickness > 3m
15.6240020698;35.3241080526;6;r
14.6933984427;35.3241122240;6;Soft CLAY
15.5634648233;35.3241205220;6;r
14.7790764358;35.3241248073;6;r
15.6274755837;35.3241335888;6;Thickness > 2m
14.6463681497;35.3241453121;6;r
15.6557338558;35.3242310050;6;Soft CLAY
14.6391384007;35.3242478732;6;Clayey SAND
15.5776240233;35.3242702042;6;Soft CLAY
14.6327395186;35.3243040399;6;Thickness > 3m
15.6220113928;35.3243104892;6;r
14.6220441399;35.3243151214;6;r
14.7707546611;35.3243427049;6;fs
15.5955389806;35.3243469629;6;Thickness > 3m
14.6726273252;35.3243471641;6;r
15.6233628627;35.3243707072;6;r
14.7455948639;35.3243964431;6;fs
15.5920617532;35.3244251203;6;Soft CLAY
15.6240830321;35.3244355242;6;sr
15.6155648189;35.3244453509;6;fs
14.6533998027;35.3244911834;6;r
14.6245157122;35.3245039467;6;fs
14.6631128018;35.3245047674;6;fs
15.5492682243;35.3245604276;6;Thickness > 3m
15.5620869143;35.3245845845;6;r
14.6713805087;35.3245869388;6;r
14.7536976610;35.3246504249;6;Thickness > 2m
14.7483673587;35.3247370350;6;r
16.0348921050;35.3247415593;6;Slumping area with boulders
14.6540586845;35.3248118646;6;r
14.7135360731;35.3248245641;6;Thickness > 3m
14.6505290301;35.3248947735;6;Thickness > 1m
15.5733054995;35.3249310058;6;Thickness > 3m
15.5844111346;35.3249332604;6;pm 53 m
14.6886092641;35.3249561219;6;Thickness > 2m
15.6479873622;35.3249620810;6;r
14.7440827768;35.3250343389;6;r
15.5259433558;35.3250455441;6;pm
14.6210352295;35.3250565560;6;r
15.5606319256;35.3250983258;6;r
14.7395865079;35.3251255019;6;Soft CLAY
15.5398888139;35.3251436840;6;Silty CLAY
14.7496456318;35.3251635975;6;r
14.7303722597;35.3251845210;6;Soft CLAY
14.7091049198;35.3252163742;6;Soft CLAY
15.6192955916;35.3252463655;6;POSSIBLE FRANCE - ISRAEL
14.7468997120;35.3252670077;6;r
14.7599326258;35.3253031882;6;fs
14.7507345302;35.3253251729;6;r
14.7503478924;35.3253380994;6;r
14.7751189913;35.3253870420;6;Thickness > 3m
15.5558002816;35.3254104929;6;Silty CLAY
14.6569398563;35.3254361797;6;Thickness > 2m
15.6121254993;35.3254418513;6;Thickness > 2m
14.6786745225;35.3254922135;6;r
14.6833478194;35.3255451427;6;Soft CLAY
14.6746697144;35.3256035579;6;fs
14.7886612016;35.3257034089;6;Soft CLAY
14.6152378050;35.3257327543;6;Soft CLAY
14.6716409141;35.3257481894;6;buried rock
14.6448817883;35.3258135030;6;Thickness > 1m
14.6716036805;35.3258547079;6;1.04
14.6707001345;35.3258716802;6;1.5
15.3005650589;35.3258989349;6;dr
15.6038204500;35.3259699829;6;fs
14.7668876181;35.3260034235;6;Thickness > 2m
14.6491874587;35.3260041190;6;r
15.5224303604;35.3260174697;6;Silty CLAY
15.5418227277;35.3260294437;6;Thickness > 2m
14.6201227261;35.3260823995;6;Thickness > 2m
14.6722187715;35.3261007484;6;1.81
15.3054252103;35.3261087324;6;dr
15.5129679915;35.3261130247;6;Thickness > 3m
14.6712533590;35.3261326738;6;1.15
15.6074190976;35.3261495546;6;Thickness > 2m
14.7006294843;35.3263094082;6;Soft CLAY
14.6659105567;35.3263141440;6;Thickness > 2m
15.5897940293;35.3263350281;6;Thickness > 3m
14.6202865145;35.3263375182;6;fs
14.6351624606;35.3264150644;6;Clayey SAND
15.2989112701;35.3264928642;6;Silty CLAY
15.2883314531;35.3265464511;6;Soft CLAY
15.4979418500;35.3265687050;6;Soft CLAY
15.3271237376;35.3265727156;6;fs
15.5297093337;35.3265902819;6;Thickness > 3m
15.5074102010;35.3266332879;6;Very Soft Sandy CLAY
14.6509062802;35.3266376470;6;r
15.3109674529;35.3266710111;6;Silty CLAY
15.3252948908;35.3266973069;6;Silty CLAY
15.3179551408;35.3267036534;6;dr
15.5625648559;35.3267121753;6;pm
15.5832235249;35.3268467907;6;Soft CLAY
15.3477262378;35.3268632710;6;Soft CLAY
14.5930187626;35.3268676056;6;Soft CLAY
14.6708331211;35.3268800541;6;2.08
15.5546612263;35.3269927373;6;Thickness > 3m
14.8071796635;35.3270064471;6;r
14.6491206170;35.3270208909;6;r
14.6711460595;35.3270988445;6;2.04
14.6279993268;35.3271216977;6;fs
15.5701761048;35.3271243348;6;Soft CLAY
14.6199127157;35.3271536331;6;r
14.6578394509;35.3271748828;6;fs
14.8095587785;35.3272429328;6;r
15.3515815668;35.3272626003;6;Thickness > 3m
14.7694842370;35.3272649768;6;r
15.2937322769;35.3272854348;6;dr
15.3022903144;35.3272973232;6;dr
15.2963583473;35.3273006686;6;Soft CLAY
14.8081266901;35.3273375282;6;r
14.8104827080;35.3273564458;6;r
15.4857640449;35.3273731538;6;Thickness > 2m
14.5801555029;35.3273978093;6;Soft CLAY
15.3001302416;35.3274048166;6;Thickness > 3m
14.8020757387;35.3274341403;6;Soft CLAY
15.3127425179;35.3274348156;6;dr
15.5672947916;35.3274380655;6;Thickness > 3m
15.5312977414;35.3274814944;6;Silty CLAY
14.6119810304;35.3275079952;6;Thickness > 1m
14.6403130963;35.3275439514;6;Soft Clayey SILT
15.5487777754;35.3276131697;6;Thickness > 3m
15.5561870459;35.3276151098;6;fs
14.6470389346;35.3276778763;6;r
14.6450396633;35.3276851727;6;r
15.3582540243;35.3277057540;6;Soft CLAY
15.4789632689;35.3277242186;6;Soft CLAY
15.3393317793;35.3277404664;6;fs
14.6764939460;35.3277423316;6;Thickness > 2m
14.6662768210;35.3277507674;6;fs
15.5026744205;35.3277705833;6;Thickness > 3m
15.2822008383;35.3277850493;6;Thickness > 3m
14.6196109858;35.3277869193;6;r
14.6210630652;35.3277946419;6;r
15.3221658257;35.3278020679;6;dr
14.6495598711;35.3278108355;6;r
14.7854532151;35.3278134307;6;Thickness > 2m
15.5470505981;35.3278185271;6;Silty CLAY
15.5250862721;35.3278398324;6;pm
15.4688610356;35.3278616849;6;Thickness > 1m
15.3333220899;35.3278800790;6;Thickness > 3m
14.6325742666;35.3278855890;6;Clayey SAND
14.7777670166;35.3279334761;6;Soft CLAY
15.5264343000;35.3279995569;6;pm
14.8052090538;35.3280672190;6;r
14.7965032760;35.3280760262;6;Thickness > 2m
14.6202144469;35.3281576213;6;r
15.5258323536;35.3281592850;6;pm
15.3049838933;35.3282078757;6;dr
14.5685531484;35.3282094957;6;Soft CLAY
14.6228168740;35.3282194031;6;r
14.5892193918;35.3282662449;6;Thickness > 3m
14.8060936567;35.3282715754;6;r
14.6213647961;35.3283429707;6;r
14.5585634540;35.3283587467;6;Soft CLAY
15.5378759106;35.3284339979;6;Thickness > 2m
15.4544418016;35.3284409731;6;Silty CLAY
15.2751646501;35.3284541645;6;fs
14.6712470480;35.3284596950;6;buried rock
14.8057817784;35.3284991546;6;r
14.6234769107;35.3285437653;6;r
15.2875768261;35.3286109162;6;dr
15.2890142247;35.3286176463;6;dr
14.8037914207;35.3286570669;6;r
14.8047100466;35.3286617109;6;r
15.2936290872;35.3286643175;6;dr
14.6219588287;35.3286905013;6;r
14.6196204151;35.3287291170;6;r
15.2710890077;35.3287993833;6;Thickness > 3m
15.2845788207;35.3288194883;6;dr
14.8061163397;35.3288196212;6;r
14.5425394318;35.3288312743;6;Soft CLAY
15.2657442738;35.3289361004;6;fs
15.3063776767;35.3289463207;6;Silty CLAY
15.5262107208;35.3289681890;6;Thickness > 3m
15.3158175198;35.3289744710;6;Thickness > 3m
14.6172495943;35.3289906036;6;Soft CLAY
14.8050786324;35.3290564881;6;r
15.3283338023;35.3290611444;6;fs
15.4463109368;35.3290885931;6;Thickness > 1m
15.3454059402;35.3291088591;6;Thickness > 3m
15.3202095754;35.3291252253;6;Silty CLAY
15.4238781351;35.3291392410;6;r
15.3251965156;35.3291588280;6;dr
15.4230883605;35.3291852716;6;sr
15.2862051492;35.3291895382;6;dr
15.4267918354;35.3291905821;6;Thickness > 1m
15.4250678428;35.3291981596;6;r
15.5182466928;35.3292029801;6;Very Soft Sandy CLAY
15.2759513191;35.3292429473;6;dr
14.8041997002;35.3293119316;6;r
15.4196594358;35.3293298118;6;fs
14.7943225720;35.3294449952;6;Soft CLAY
15.3513225034;35.3294697501;6;Soft CLAY
15.4239380246;35.3295521367;6;sr
14.8224237819;35.3295591267;6;Soft CLAY
15.2814116720;35.3295637022;6;Soft CLAY
14.6088308067;35.3295668327;6;Soft CLAY
15.4600685627;35.3295796159;6;Thickness > 1m
14.5828615318;35.3295863715;6;POSSIBLE FRANCE - ISRAEL
15.3602292230;35.3296170216;6;Thickness > 3m
15.2889977897;35.3296201307;6;dr
14.5266041995;35.3296308791;6;Soft CLAY
14.8067339461;35.3297089854;6;Thickness > 1m
15.2720823232;35.3297489296;6;fs
15.4800741794;35.3297972798;6;Thickness > 2m
15.2607667553;35.3298418939;6;Thickness > 3m
15.3702165761;35.3298546723;6;Thickness > 3m
15.4379122144;35.3298672398;6;Silty CLAY
15.2987521503;35.3299059466;6;dr
15.3047659775;35.3299236455;6;Thickness > 3m
15.3245576632;35.3299292821;6;Thickness > 2m
15.2929379690;35.3299851523;6;Thickness > 3m
14.8149115177;35.3299999339;6;FRANCE - ISRAEL
15.2780865627;35.3301604757;6;dr
15.4324237256;35.3302331620;6;Thickness > 1m
14.5683041895;35.3302428823;6;Thickness > 3m
14.5475037339;35.3302550999;6;Thickness > 3m
15.4083402077;35.3302620531;6;Thickness > 1m
15.4025674434;35.3302807815;6;Soft CLAY
15.3991752763;35.3303445843;6;Thickness > 1m
15.4942273942;35.3304042210;6;Thickness > 2m
15.3351813896;35.3304049495;6;fs
14.5958799668;35.3304548293;6;Soft CLAY
15.3324119500;35.3304805971;6;Thickness > 2m
15.4150559229;35.3305067416;6;Thickness > 1m
15.3130906578;35.3305312988;6;Silty CLAY
15.3917614509;35.3305541776;6;Thickness > 2m
15.2490635367;35.3305672297;6;fs
15.3265653811;35.3305762552;6;r
15.3431429091;35.3306319963;6;fs
15.2747728406;35.3306383482;6;dr
15.3104334963;35.3306391936;6;dr
14.8392573657;35.3306628832;6;Soft CLAY
15.3773299439;35.3307107319;6;fs
15.3662784029;35.3307230599;6;Soft CLAY
15.4746655806;35.3307443265;6;Soft CLAY
14.5102250801;35.3308302473;6;Soft CLAY
15.2881769974;35.3308534859;6;Soft CLAY
15.4884093840;35.3308838931;6;Soft CLAY
15.3293771225;35.3308893301;6;r
15.3547924178;35.3309437639;6;Thickness > 2m
14.5176118328;35.3310074149;6;FRANCE - ISRAEL
15.2858010558;35.3310291032;6;dr
15.3249522037;35.3310326069;6;r
14.8246926240;35.3311624740;6;Thickness > 3m
14.5746424365;35.3311888944;6;Soft CLAY
15.2536715370;35.3311897518;6;Soft Sandy CLAY
15.2435686351;35.3312236442;6;fs
15.2465588457;35.3312573484;6;Thickness > 2m
14.8047626754;35.3312663138;6;Soft CLAY
14.8338428361;35.3312798899;6;Thickness > 3m
15.4687904520;35.3314868964;6;Thickness > 2m
14.4872442900;35.3315255954;6;Soft CLAY
14.8489616291;35.3315754919;6;Thickness > 3m
14.5632966313;35.3316050846;6;Soft CLAY
15.4587606741;35.3316090369;6;r
15.2819324129;35.3316346244;6;dr
14.5288727643;35.3318403131;6;Thickness > 3m
14.8524605536;35.3319685997;6;Soft CLAY
15.4248925670;35.3320171414;6;Thickness > 1m
15.2464245504;35.3320736334;6;fs
15.3616945072;35.3321003432;6;Soft CLAY
15.3841244828;35.3321790939;6;Thickness > 3m
14.5509287845;35.3322111181;6;Soft CLAY
15.2757131418;35.3322492474;6;fs
15.2676773633;35.3323529728;6;Dense pattern of biogenic concretion area on fine sediment
14.8131325412;35.3323932403;6;Soft CLAY
15.4457781161;35.3324209656;6;Silty CLAY
15.4201796540;35.3324761408;6;fs
14.4652496195;35.3326347528;6;Soft CLAY
14.5363695583;35.3326472819;6;Soft CLAY
15.2383682757;35.3327223842;6;Silty CLAY
15.4328930744;35.3328882918;6;Thickness > 3m
15.2702325905;35.3329026978;6;Thickness > 3m
15.4119097476;35.3329049913;6;Soft CLAY
14.5048839933;35.3329190095;6;Thickness > 3m
15.3771898684;35.3329221431;6;Thickness > 3m
15.4302969643;35.3329237818;6;r
14.8580995708;35.3329520974;6;Thickness > 3m
14.4833744262;35.3329541414;6;Thickness > 3m
15.3703140817;35.3329592419;6;Thickness > 3m
15.4053118962;35.3330176557;6;Thickness > 1m
15.3802193912;35.3330183182;6;fs
14.8685656688;35.3330373989;6;Silty CLAY
14.4482056503;35.3331504359;6;Soft CLAY
15.4305165972;35.3331704660;6;sr
14.8187026518;35.3332739856;6;Thickness > 3m
15.3967606180;35.3333035976;6;Soft CLAY
14.8788937855;35.3333253391;6;Thickness > 3m
15.3734154182;35.3333427263;6;Soft CLAY
15.3930812201;35.3334301275;6;Thickness > 2m
15.3845281086;35.3334353470;6;fs
14.5167944793;35.3335195323;6;Soft CLAY
15.4127452897;35.3335288153;6;Thickness > 1m
14.8402028238;35.3336292884;6;Thickness > 3m
15.2536054481;35.3337512019;6;Thickness > 2m
15.3889390864;35.3337821707;6;Soft CLAY
14.4404030117;35.3338549677;6;Soft CLAY
14.4293517869;35.3339727017;6;Soft CLAY
14.8956254262;35.3340109557;6;Thickness > 3m
14.4557437509;35.3340136042;6;Thickness > 3m
15.2626261311;35.3340140674;6;Soft Sandy CLAY
15.4050407859;35.3340372494;6;Soft CLAY
14.8306220103;35.3341532296;6;Soft CLAY
15.3940346009;35.3342240315;6;Thickness > 1m
15.2275758562;35.3342288561;6;Silty CLAY
15.3812711285;35.3344918034;6;fs
14.8650202996;35.3346629784;6;POSSIBLE FRANCE - ISRAEL
14.4949524685;35.3348587207;6;Soft CLAY
15.2187372602;35.3348904332;6;Dense pattern of biogenic concretion area on fine sediment
14.9055608676;35.3349371897;6;Silty CLAY
15.2041080067;35.3349719908;6;fs
14.8875043950;35.3350248000;6;Silty CLAY
14.8451965029;35.3350779546;6;Soft CLAY
15.2491209076;35.3351759628;6;Soft Sandy CLAY
14.4119269109;35.3352325015;6;Soft CLAY
15.2398787795;35.3352665234;6;Dense pattern of biogenic concretion area on fine sediment
14.4735157640;35.3352773256;6;Soft CLAY
15.2116726740;35.3352960618;6;fs
14.8537596132;35.3353597136;6;Thickness > 3m
14.4705848104;35.3355160408;6;ARIANE 2
14.9180695860;35.3355253941;6;Silty CLAY
15.2264858294;35.3357364197;6;Thickness > 2m
14.4583611643;35.3357607712;6;Soft CLAY
14.8586415028;35.3357938501;6;Soft CLAY
14.9243163251;35.3358131316;6;Thickness > 3m
15.1943501272;35.3358720880;6;fs
14.9095072226;35.3359800765;6;Thickness > 3m
14.8689805571;35.3360502589;6;Silty CLAY
14.3719417568;35.3362480290;6;Soft CLAY
14.4350602985;35.3362811619;6;Thickness > 3m
15.2341225651;35.3363568625;6;Silty CLAY
14.8962705683;35.3363952747;6;Silty CLAY
14.3914218273;35.3364158914;6;Soft CLAY
15.1884452952;35.3364910561;6;Thickness > 1m
14.9404485897;35.3364940990;6;Thickness > 3m
14.9366787786;35.3365834816;6;Silty CLAY
14.8753993586;35.3366615160;6;Thickness > 3m
14.4162802752;35.3367813822;6;Thickness > 3m
14.4431508554;35.3368798706;6;Soft CLAY
15.2003696705;35.3368803742;6;fs
14.8801593361;35.3370444177;6;Silty CLAY
15.2165105721;35.3371684089;6;fs
14.8908887428;35.3371730544;6;Thickness > 3m
14.9111456948;35.3372901642;6;Silty CLAY
15.2080325080;35.3373498654;6;Thickness > 2m
14.3972147770;35.3374370313;6;Thickness > 3m
14.9582310161;35.3374522373;6;r
15.1690186151;35.3374667349;6;fs
14.9546526778;35.3374669830;6;Thickness > 3m
14.9578499087;35.3375317954;6;sr
14.9694645449;35.3376026749;6;FRANCE - ISRAEL
14.9259967055;35.3376142533;6;Silty CLAY
14.9647615414;35.3376476665;6;fs
15.1737180279;35.3377685558;6;Soft CLAY
15.1786994334;35.3377941473;6;Dense pattern of biogenic concretion area on fine sediment
14.8997023657;35.3378196378;6;Thickness > 3m
14.9545468883;35.3378830488;6;FRANCE - ISRAEL
14.4220602427;35.3379230969;6;Soft CLAY
14.9609259511;35.3379812289;6;sr
14.3584717156;35.3379890395;6;Thickness > 3m
14.9727739516;35.3379905269;6;fs
15.1691613382;35.3380302301;6;Thickness > 1m
14.3643106656;35.3380473287;6;dr
14.9765568043;35.3380646564;6;fs
14.9664479489;35.3380877436;6;Thickness > 3m
14.3809604799;35.3381329862;6;dr
14.9110432952;35.3382034720;6;FRANCE - ISRAEL
14.9609112441;35.3382213750;6;r
14.3522467815;35.3382606721;6;Soft CLAY
14.3322491513;35.3382677845;6;Thickness > 3m
14.9601456323;35.3382916644;6;sr
15.1271471322;35.3383007880;6;fs
14.9358956436;35.3383115989;6;FRANCE - ISRAEL
14.9854283162;35.3383218742;6;Thickness > 2m
14.9801687880;35.3383706425;6;fs
14.3998786086;35.3384519729;6;Soft CLAY
15.1532726746;35.3385190032;6;Thickness > 1m
15.1225217613;35.3385417266;6;fs
14.3043432348;35.3386099540;6;Thickness > 3m
15.1141913000;35.3386412135;6;fs
15.1387857130;35.3386615509;6;Soft CLAY
14.9847571530;35.3387343122;6;fs
15.1360286469;35.3387512044;6;Thickness > 1m
14.9865965492;35.3388292713;6;fs
15.1301114649;35.3388460613;6;Thickness > 1m
15.1220481653;35.3388554040;6;Thickness > 1m
15.1041164032;35.3389124127;6;fs
14.3747442055;35.3389180058;6;Thickness > 3m
15.1103589581;35.3389355722;6;fs
14.3099837311;35.3390791020;6;Thickness > 3m
14.2967299762;35.3391562452;6;Soft CLAY
14.9629525151;35.3391758376;6;r
15.1965862145;35.3392089959;6;Dense pattern of biogenic concretion area on fine sediment
14.9637136160;35.3392275897;6;sr
14.9791599876;35.3392739992;6;fs
15.1068699892;35.3392750454;6;Thickness > 2m
15.1136116659;35.3392771154;6;Thickness > 2m
14.9678545491;35.3392971292;6;fs
14.9610083484;35.3393063578;6;Thickness > 3m
14.9946403201;35.3393150897;6;Thickness > 3m
14.3826190656;35.3393733575;6;Soft CLAY
15.0847915061;35.3393736637;6;Thickness > 2m
15.0682626866;35.3393887400;6;Thickness > 2m
15.1628084734;35.3394150098;6;Dense pattern of biogenic concretion area on fine sediment
14.9628315163;35.3394685214;6;sr
15.1018998448;35.3394730433;6;fs
14.9761849976;35.3395147122;6;Thickness > 3m
15.0062202515;35.3395148503;6;fs
15.1496240657;35.3395163630;6;Soft CLAY
15.0741136903;35.3395194073;6;fs
15.0954054553;35.3395237704;6;Thickness > 1m
15.0785708188;35.3395322749;6;Thickness > 2m
14.9401537757;35.3397162990;6;Silty CLAY
15.1873023522;35.3397213425;6;Soft CLAY
15.0012363260;35.3397865315;6;Thickness > 3m
15.0120498761;35.3397890515;6;Thickness > 2m
15.0169524704;35.3398021006;6;fs
14.9210416726;35.3398302022;6;Silty CLAY
15.1313936554;35.3398622042;6;fs
15.0211438378;35.3398803159;6;Thickness > 3m
14.9350593697;35.3398982259;6;Thickness > 2m
15.0911760428;35.3399196406;6;Thickness > 1m
14.9910451004;35.3399647413;6;Reworked Soft CLAY
15.0522265589;35.3399680524;6;Thickness > 2m
14.9309702408;35.3399906037;6;Silty CLAY
15.0320442995;35.3399920468;6;fs
15.0341263495;35.3400237857;6;Thickness > 3m
14.9831468271;35.3400361986;6;fs
14.9544674366;35.3400809959;6;Silty CLAY
15.0463911302;35.3401766032;6;Thickness > 2m
14.9666731691;35.3401766202;6;r
15.1207406004;35.3402143425;6;fs
14.9662977189;35.3402191041;6;sr
15.0573092213;35.3402379626;6;Very Soft Sandy CLAY
14.2900641079;35.3402615221;6;Thickness > 3m
15.0807788601;35.3403089364;6;Soft CLAY
14.3296454532;35.3403217263;6;Soft CLAY
14.3440806916;35.3403956967;6;Thickness > 3m
14.3636363192;35.3404050979;6;Soft CLAY
15.1701016771;35.3404268610;6;fs
15.0951419450;35.3405459634;6;Soft CLAY
14.9638059378;35.3405851764;6;fs
15.0760608552;35.3406069767;6;Thickness > 2m
15.1292647958;35.3406698858;6;Thickness > 1m
15.1790361722;35.3406982598;6;Soft CLAY
15.0646373698;35.3407089520;6;Very Soft Sandy CLAY
15.0429099771;35.3407174346;6;Silty CLAY
14.9448930993;35.3408229469;6;Silty CLAY
14.2953659989;35.3408493695;6;dr
15.1039937405;35.3408666454;6;Thickness > 1m
14.9796842134;35.3408794296;6;Dense pattern of biogenic concretion area on fine sediment
15.1606189887;35.3409253944;6;Soft CLAY
15.0104950472;35.3409921506;6;fs
15.1242463843;35.3410066172;6;fs
15.0165467573;35.3410618240;6;Thickness > 2m
15.0264597701;35.3411311233;6;fs
14.2839841348;35.3411359567;6;Soft CLAY
14.3226563301;35.3411654332;6;Soft CLAY
15.1091715194;35.3412104940;6;fs
15.0545263345;35.3412252506;6;Silty CLAY
14.3192498622;35.3412383020;6;Thickness > 3m
15.1742334657;35.3413383328;6;Thickness > 2m
15.1142619714;35.3414083904;6;Thickness > 1m
15.0591895475;35.3414336740;6;Thickness > 3m
14.3393315470;35.3414693697;6;Soft CLAY
14.9611156196;35.3415117311;6;Thickness > 2m
15.0551273339;35.3415850114;6;Thickness > 2m
15.0694888906;35.3416037445;6;Very Soft Sandy CLAY
15.1172546594;35.3416125072;6;fs
15.1458808631;35.3416474218;6;Thickness > 1m
15.0351825433;35.3416877927;6;fs
14.9765421332;35.3417258603;6;fs
14.9538554549;35.3417342292;6;Thickness > 3m
15.0845418119;35.3417567684;6;Soft CLAY
15.0420145874;35.3417611926;6;Thickness > 3m
15.0145832433;35.3418360763;6;fs
14.3088946324;35.3418428923;6;Soft CLAY
15.1100466301;35.3418834180;6;Thickness > 2m
15.1671187146;35.3419193012;6;fs
15.1365597282;35.3419249888;6;Dense pattern of biogenic concretion area on fine sediment
15.0055940245;35.3419422325;6;Thickness > 3m
15.0816607574;35.3419776140;6;Thickness > 2m
15.0447658732;35.3420781467;6;Thickness > 2m
15.1272729593;35.3422144337;6;Thickness > 1m
14.9946784574;35.3422372501;6;Thickness > 3m
14.9707284562;35.3423410095;6;Thickness > 3m
15.0258701788;35.3423667045;6;Thickness > 3m
15.1313843800;35.3423706807;6;Soft CLAY
14.9792024811;35.3424223313;6;Thickness > 2m
15.0979515215;35.3424542917;6;Dense pattern of biogenic concretion area on fine sediment
15.1190918926;35.3424707953;6;fs
15.1059295929;35.3425044826;6;Thickness > 1m
15.1011591121;35.3426004431;6;fs
15.1078596805;35.3426282341;6;fs
14.9884064345;35.3426288040;6;Thickness > 3m
15.1253829392;35.3426513798;6;fs
14.2997228860;35.3427427287;6;Thickness > 3m
15.0963249014;35.3427432888;6;Thickness > 1m
15.0669306225;35.3427594439;6;Thickness > 3m
14.9723272551;35.3427951774;6;fs
15.1141700896;35.3428274497;6;fs
15.1203546989;35.3428544240;6;Thickness > 1m
14.9755898949;35.3428878353;6;fs
15.0190789277;35.3429018975;6;rs
15.0917846493;35.3429237453;6;Thickness > 1m
15.0001683677;35.3429819018;6;Reworked Soft CLAY
15.1015393975;35.3429930365;6;Thickness > 2m
14.9857571224;35.3429975839;6;Reworked Soft CLAY
15.1100875495;35.3430081442;6;fs
15.0846336158;35.3430122057;6;Thickness > 2m
15.0598786768;35.3430789228;6;Very Soft Sandy CLAY
14.9797265085;35.3431016993;6;fs
15.0115539737;35.3431325127;6;Thickness > 3m
15.0739949522;35.3431564428;6;fs
15.0888954972;35.3431952016;6;Soft CLAY
15.0039810804;35.3432121182;6;fs
15.0213064321;35.3433093929;6;fs
14.2901435557;35.3433608119;6;Soft CLAY
15.0776435381;35.3433685391;6;Thickness > 2m
15.0699873622;35.3434242079;6;Thickness > 2m
15.0520758392;35.3435348379;6;Dense pattern of biogenic concretion area on fine sediment
15.0946229292;35.3435865370;6;r
15.0558176680;35.3436881279;6;Silty CLAY
15.0450109275;35.3437454691;6;Silty CLAY
15.0050148442;35.3437574554;6;rs
15.0595310983;35.3437603862;6;Thickness > 3m
15.0190596979;35.3437655995;6;rs
15.0292453342;35.3437773209;6;fs
15.0337694400;35.3437805268;6;Thickness > 3m
14.2646235296;35.3437983719;6;Thickness > 3m
15.0405656195;35.3438004733;6;fs
15.0225321340;35.3438127060;6;rs
15.0490431457;35.3438738110;6;Thickness > 3m
14.2792591812;35.3439444583;6;Thickness > 3m
15.0532242003;35.3441789731;6;Silty CLAY
14.2753970575;35.3453992947;6;Soft CLAY
14.2645396391;35.3471245136;6;Soft CLAY
14.2537834293;35.3490522426;6;Soft CLAY
14.2461157841;35.3525869425;6;Soft CLAY
14.2514460554;35.3529449247;6;Thickness > 3m
14.2404350116;35.3587077853;6;Soft CLAY
14.2325578687;35.3593112402;6;Soft CLAY
14.2272933897;35.3614322997;6;Thickness > 3m
14.2325890032;35.3622957834;6;dr
14.2278238482;35.3648689513;6;Soft CLAY
14.2182142648;35.3681082912;6;Soft CLAY
14.2184165186;35.3700826145;6;Thickness > 3m
14.2131450129;35.3735710585;6;Soft CLAY
14.2045919715;35.3747375938;6;Soft CLAY
14.2026949446;35.3779070090;6;Thickness > 3m
14.2006141613;35.3799844221;6;Soft CLAY
14.1939354928;35.3803334774;6;Thickness > 3m
14.1906356306;35.3844923960;6;Soft CLAY
14.1840071739;35.3860597276;6;Soft CLAY
14.1824911874;35.3893142932;6;Thickness > 3m
14.1704917453;35.3908092163;6;dr
14.1792033851;35.3918479551;6;Soft CLAY
14.1748006699;35.3923925155;6;dr
14.1703318038;35.3933759922;6;Soft CLAY
14.1617636881;35.3963398727;6;Thickness > 3m
14.1633279457;35.3996150816;6;Soft CLAY
14.1507479143;35.4026661610;6;Soft CLAY
14.1537784873;35.4045360332;6;Thickness > 3m
14.1364498263;35.4076773771;6;Soft CLAY
14.1443006702;35.4088417237;6;Soft CLAY
14.1415900716;35.4098331641;6;Thickness > 3m
14.1281028237;35.4105319025;6;Thickness > 3m
14.1260532819;35.4118415923;6;fs
14.1296093645;35.4119915692;6;Drifting Buoy Spot Location
14.1351988899;35.4122289210;6;Soft CLAY
14.1340031405;35.4126636142;6;fs
14.1202745197;35.4151286633;6;Soft CLAY
14.1177855368;35.4153248232;6;sr
14.1265896175;35.4155046940;6;scattered boulders (2.5mx0.5m)
14.1171102016;35.4155648480;6;r
14.1285500431;35.4156362193;6;sr
14.1250195785;35.4161004600;6;sr
14.1272604205;35.4161314685;6;r
14.1226800977;35.4162347062;6;sr
14.1231021589;35.4165943294;6;r
14.1147813969;35.4167527069;6;sr
14.1153433556;35.4168765365;6;r
14.1172454957;35.4170490486;6;scattered boulders (4.0mx3.0m)
14.1159107193;35.4170782734;6;sr
14.1248341186;35.4171056347;6;r
14.1244845818;35.4174973882;6;sr
14.1136579022;35.4185167003;6;Thickness > 3m
14.1178793577;35.4197501350;6;Thickness > 3m
14.1119248827;35.4203897240;6;Soft CLAY
14.1164744754;35.4211441130;6;Soft CLAY
14.1145913769;35.4222548230;6;Thickness > 3m
14.1078889948;35.4254063189;6;Soft CLAY
14.1024257150;35.4258606878;6;Thickness > 3m
14.0989910582;35.4293467445;6;Soft CLAY
14.0996772468;35.4324802321;6;Thickness > 3m
14.0927169618;35.4336489432;6;Thickness > 3m
14.0871039669;35.4371272449;6;Thickness > 3m
14.0914481161;35.4377142242;6;Soft CLAY
14.0808954600;35.4404881950;6;Soft CLAY
14.0841565636;35.4409936187;6;Thickness > 3m
14.0698718480;35.4450012157;6;Thickness > 3m
14.0779544410;35.4451736604;6;Intense trawling scars pattern
14.0733614854;35.4475995944;6;Soft CLAY
14.0639483145;35.4486538388;6;Soft CLAY
14.0679142508;35.4496607050;6;Thickness > 3m
14.0614367904;35.4507155428;6;Intense trawling scars pattern
14.0616702637;35.4534679212;6;Soft CLAY
14.0493334498;35.4574274297;6;Soft CLAY
14.0530720068;35.4580632158;6;Thickness > 3m
14.0400458103;35.4625625742;6;Intense trawling scars pattern
14.0422838231;35.4635172258;6;Thickness > 3m
14.0366000988;35.4635671316;6;Soft CLAY
14.0341712481;35.4656444401;6;Thickness > 3m
14.0273863229;35.4691407625;6;Intense trawling scars pattern
14.0302292579;35.4691694107;6;Soft CLAY
14.0209450502;35.4743686983;6;Soft CLAY
14.0173711507;35.4769625779;6;Thickness > 3m
14.0171284879;35.4804531276;6;Soft CLAY
14.0114279929;35.4827820195;6;Intense trawling scars pattern
14.0134148964;35.4839575134;6;Thickness > 3m
14.0073687211;35.4862540112;6;Soft CLAY
14.0052210559;35.4920644679;6;Soft CLAY
14.0036439372;35.4934137223;6;Thickness > 3m
13.9981636662;35.4950694833;6;Intense trawling scars pattern
13.9966203415;35.4978894739;6;Soft CLAY
13.9989134993;35.4997444624;6;Thickness > 3m
13.9958653654;35.5028858924;6;Soft CLAY
13.9882159319;35.5083783674;6;Soft CLAY
13.9905204704;35.5094234911;6;Thickness > 3m
13.9871195843;35.5129604650;6;Intense trawling scars pattern
13.9864635364;35.5145218469;6;Soft CLAY
13.9802447000;35.5175627652;6;Soft CLAY
13.9807358298;35.5208150050;6;Thickness > 3m
13.9806699729;35.5224309672;6;Soft CLAY
13.9752964111;35.5264053133;6;Soft CLAY
13.9760937814;35.5286225588;6;Thickness > 3m
13.9744734069;35.5319608546;6;Soft CLAY
13.9695911834;35.5368942899;6;Thickness > 3m
13.9691242732;35.5398645480;6;Soft CLAY
13.9709878800;35.5418182200;6;Thickness > 3m
13.9642194966;35.5463464870;6;Thickness > 3m
13.9670861250;35.5468278290;6;Soft CLAY
13.9682197838;35.5481704216;6;dr
13.9624727449;35.5502710197;6;Soft CLAY
13.9643716215;35.5533396701;6;Thickness > 3m
13.9580074722;35.5544963248;6;dr
13.9618837886;35.5579308707;6;Soft CLAY
13.9558949302;35.5589805293;6;Thickness > 3m
13.9530690137;35.5634703371;6;Soft CLAY
13.9532358248;35.5677467240;6;Soft CLAY
13.9511149491;35.5709553575;6;Thickness > 3m
13.9458086380;35.5734661468;6;Soft CLAY
13.9424219660;35.5765226143;6;Thickness > 3m
13.9436088023;35.5808338014;6;Soft CLAY
13.9365507651;35.5832121670;6;Thickness > 3m
13.9343527396;35.5867924307;6;Soft CLAY
13.9388181155;35.5870436951;6;Thickness > 3m
13.9329862812;35.5913810886;6;Soft CLAY
13.9265424878;35.5926410618;6;Thickness > 3m
13.9233599390;35.5962107475;6;Soft CLAY
13.9265183598;35.5975623757;6;Thickness > 3m
13.9229821096;35.6007801808;6;Soft CLAY
13.9226974219;35.6026933448;6;dr
13.9182202700;35.6027523717;6;Thickness > 3m
13.9182870264;35.6077089648;6;Soft CLAY
13.9117648253;35.6131881600;6;Thickness > 3m
13.9087681826;35.6158925866;6;Soft CLAY
13.9055387763;35.6183027708;6;Thickness > 3m
13.9003110645;35.6224483633;6;Thickness > 3m
13.9035567899;35.6249478558;6;Soft CLAY
13.9006343671;35.6272899273;6;Thickness > 3m
13.8948083902;35.6295910390;6;Soft CLAY
13.8965208650;35.6320931131;6;Thickness > 3m
13.8883487822;35.6361431264;6;Thickness > 3m
13.8897683435;35.6383891849;6;Soft CLAY
13.8844025638;35.6415508437;6;Thickness > 3m
13.8810542044;35.6448046960;6;Soft CLAY
13.8799678071;35.6465671730;6;dr
13.8793738296;35.6505157442;6;Soft CLAY
13.8772724430;35.6536080293;6;Thickness > 3m
13.8713847712;35.6555084123;6;Soft CLAY
13.8679723786;35.6600075986;6;Thickness > 3m
13.8644522787;35.6667990258;6;Soft CLAY
13.8689826683;35.6672570843;6;Thickness > 3m
13.8536919332;35.6680522764;6;Thickness > 3m
13.8752797170;35.6683844477;6;Soft CLAY
13.8499903026;35.6707785002;6;Soft CLAY
13.8593835150;35.6718980524;6;Soft CLAY
13.8733168046;35.6730675295;6;Thickness > 3m
13.8788812618;35.6735557809;6;dr
13.8828666298;35.6735933767;6;dr
13.8593930701;35.6739629643;6;Thickness > 3m
13.8943219599;35.6745357603;6;Soft CLAY
13.8803585952;35.6749374114;6;Soft CLAY
13.8662998306;35.6750240267;6;dr
13.8901263612;35.6752104382;6;Thickness > 3m
13.8726294785;35.6758092132;6;Soft CLAY
13.8629606586;35.6759699344;6;Thickness > 3m
13.8694200829;35.6761452870;6;Thickness > 3m
13.8933536787;35.6764947253;6;dr
13.8986807232;35.6767950205;6;Thickness > 3m
13.8487531942;35.6779391903;6;Soft CLAY
13.8503609806;35.6787030876;6;Thickness > 3m
13.8531769403;35.6789392066;6;Soft CLAY
13.9055114466;35.6791723295;6;Soft CLAY
13.8329649360;35.6794196668;6;Thickness > 3m
13.8599935622;35.6794828754;6;dr
13.8377046407;35.6806417951;6;Soft CLAY
13.8430582359;35.6808373138;6;fs
13.8418096198;35.6808759360;6;Thickness > 3m
13.8729245795;35.6809432726;6;Soft CLAY
13.8564376569;35.6825902680;6;Thickness > 3m
13.8518376110;35.6832977786;6;dr
13.8668280149;35.6840644450;6;Soft CLAY
13.8595012553;35.6840992772;6;Soft CLAY
13.8708040193;35.6843950422;6;Thickness > 3m
13.8563115355;35.6859726751;6;Thickness > 3m
13.8523296200;35.6893706634;6;Thickness > 3m
13.8450698397;35.6910622234;6;dr
13.8489996410;35.6910907152;6;Soft CLAY
13.8477966317;35.6931233491;6;dr
13.8456206177;35.6959108515;6;Thickness > 3m
13.8401885104;35.6988684307;6;Soft CLAY
13.8392607250;35.7037991435;6;Thickness > 3m
13.8317363480;35.7081332826;6;Soft CLAY
13.8304652812;35.7132174720;6;Thickness > 3m
13.8234039696;35.7152914807;6;dr
13.8225453237;35.7158076062;6;dr
13.8270965366;35.7159316399;6;Soft CLAY
13.8187139400;35.7183790599;6;dr
13.8243892011;35.7190909793;6;Thickness > 3m
13.8219229495;35.7208376841;6;dr
13.8192759184;35.7246260147;6;Intense trawling scars pattern
13.8152780038;35.7250034318;6;Soft CLAY
13.8175134908;35.7277303998;6;Intense trawling scars pattern
13.8143294617;35.7320499746;6;Intense trawling scars pattern
13.8114720622;35.7322012804;6;Soft CLAY
13.8095187685;35.7342194256;6;Thickness > 3m
13.8126124737;35.7355478193;6;Intense trawling scars pattern
13.8095948873;35.7401515927;6;Soft CLAY
13.8026209210;35.7445880380;6;Soft CLAY
13.8044893413;35.7465579818;6;Thickness > 3m
13.7979274406;35.7514835235;6;dr
13.7966413066;35.7545790656;6;Soft CLAY
13.7897818852;35.7571619745;6;Soft CLAY
13.7891043241;35.7605486347;6;Thickness > 3m
13.7877098463;35.7633029824;6;Soft CLAY
13.7816617371;35.7663060192;6;Soft CLAY
13.7789670387;35.7679064284;6;Thickness > 2m
13.7842307297;35.7680465357;6;Thickness > 3m
13.7791597909;35.7693388370;6;sr
13.7811313765;35.7695415412;6;sr
13.7787358826;35.7698026250;6;r
13.7827668630;35.7698840136;6;Thickness > 2m
13.7828479621;35.7700552316;6;sr
13.7811437747;35.7703343422;6;r
13.7829414661;35.7705702126;6;r
13.7801386443;35.7707026574;6;sr
13.7781549539;35.7707037744;6;sr
13.7821231483;35.7707221196;6;sr
13.7807756137;35.7713561668;6;Thickness > 2m
13.7771767230;35.7732968558;6;Soft CLAY
13.7800721773;35.7734890870;6;Thickness > 3m
13.7777828420;35.7778198099;6;Soft CLAY
13.7750600328;35.7803209041;6;Thickness > 3m
13.7696136574;35.7824102174;6;Soft CLAY
13.7682635069;35.7866523533;6;Soft CLAY
13.7628814566;35.7871217991;6;Soft CLAY
13.7583098811;35.7905876410;6;Thickness > 3m
13.7643644037;35.7909834875;6;dr
13.7608563028;35.7927913385;6;Soft CLAY
13.7536482043;35.7935215256;6;Soft CLAY
13.7590956993;35.7945377927;6;dr
13.7497639072;35.7987461887;6;Soft CLAY
13.7414025123;35.7992938021;6;Soft CLAY
13.7476890115;35.7998064261;6;Thickness > 3m
13.7300435623;35.8022799472;6;Soft CLAY
13.7375020202;35.8041858316;6;Soft CLAY
13.7189270606;35.8045223470;6;Soft CLAY
13.7257212184;35.8046425474;6;Thickness > 3m
13.7141402652;35.8051610239;6;Soft CLAY
13.6807569634;35.8055975313;6;Soft CLAY
13.6926282292;35.8056479364;6;Soft CLAY
13.6893454423;35.8064352173;6;Thickness > 3m
13.7304804236;35.8070866097;6;Soft CLAY
13.7036486550;35.8074730105;6;Soft CLAY
13.7173483744;35.8079198669;6;dr
13.7269868099;35.8079274476;6;Thickness > 3m
13.7109930742;35.8080086819;6;Thickness > 3m
13.6999610818;35.8080483430;6;dr
13.6688886545;35.8082598272;6;Soft CLAY
13.6954873511;35.8084072565;6;dr
13.6869258455;35.8089331219;6;Soft CLAY
13.6732018812;35.8096723625;6;dr
13.7223229173;35.8101279773;6;Soft CLAY
13.6695041855;35.8108574497;6;Thickness > 3m
13.6677648664;35.8115508386;6;dr
13.6662697050;35.8118500504;6;dr
13.6543161207;35.8132399039;6;Thickness > 3m
13.6595631430;35.8139622270;6;Soft CLAY
13.6505215883;35.8157768156;6;Soft CLAY
13.6485767250;35.8192364356;6;Thickness > 3m
13.6404430111;35.8217842659;6;Soft CLAY
13.6356742889;35.8262255398;6;Thickness > 3m
13.6322701461;35.8292563020;6;Soft CLAY
13.6306973134;35.8319270446;6;Thickness > 3m
13.6325096568;35.8328240565;6;dr
13.6309845623;35.8334347172;6;dr
13.6285219413;35.8347388075;6;dr
13.6297189194;35.8378072811;6;Soft CLAY
13.6243723035;35.8381354509;6;dr
13.6279737191;35.8402931489;6;Thickness > 3m
13.6230856713;35.8421542647;6;Soft CLAY
13.6240042903;35.8466595097;6;Thickness > 3m
13.6235510063;35.8473016394;6;dr
13.6234197729;35.8495367006;6;Soft CLAY
13.6178287240;35.8510091799;6;Thickness > 3m
13.6170757092;35.8532261833;6;Soft CLAY
13.6172342036;35.8541634038;6;dr
13.6174695503;35.8549902022;6;dr
13.6197648282;35.8564456547;6;Thickness > 3m
13.6154742968;35.8585521681;6;Soft CLAY
13.6140019485;35.8619068444;6;dr
13.6113839673;35.8624489040;6;Thickness > 3m
13.6092041493;35.8638608436;6;dr
13.6134698183;35.8668470403;6;Soft CLAY
13.6069410921;35.8692008651;6;Soft CLAY
13.6071881697;35.8702857396;6;dr
13.6103541253;35.8705791856;6;dr
13.6040620001;35.8721881357;6;dr
13.6012179964;35.8739716246;6;dr
13.6065688506;35.8763471816;6;Soft CLAY
13.6006940937;35.8780060447;6;Soft CLAY
13.6024154440;35.8810955015;6;dr
13.5975794248;35.8843791613;6;Soft CLAY
13.5914236695;35.8895223610;6;Soft CLAY
13.5885350730;35.8947717897;6;Soft CLAY
13.5885208840;35.8955910841;6;dr
13.5875072186;35.8957168676;6;dr
13.5830711174;35.8960793087;6;Slumping area
13.5816567642;35.8975561289;6;Soft CLAY
13.5797467050;35.8990727264;6;Slumping area
13.5842293201;35.8995055603;6;Thickness > 3m
13.5773456147;35.9007281641;6;Soft CLAY
13.5822546932;35.9014443900;6;Soft CLAY
13.5759059651;35.9025091515;6;Slumping area
13.5780230947;35.9049444720;6;Soft CLAY
13.5725046868;35.9068956088;6;Soft CLAY
13.5734872150;35.9092369520;6;dr
13.5675073042;35.9093047023;6;Thickness > 3m
13.5718730066;35.9103058627;6;ARIANE 2
13.5626422318;35.9133929376;6;Thickness > 3m
13.5673993706;35.9136819657;6;Soft CLAY
13.5567374484;35.9151009373;6;ARIANE 2
13.5584341436;35.9161502433;6;Soft CLAY
13.5523465789;35.9185837820;6;Soft CLAY
13.5485251175;35.9188467331;6;dr
13.5462781224;35.9189181373;6;ARIANE 2
13.5549757969;35.9196343546;6;Thickness > 3m
13.5522320889;35.9205963550;6;dr
13.5428841610;35.9219106594;6;Soft CLAY
13.5417794583;35.9234768695;6;Thickness > 3m
13.5494419305;35.9237808995;6;Soft CLAY
13.5342151270;35.9241918202;6;Soft CLAY
13.5422329266;35.9284549927;6;Soft CLAY
13.5351027430;35.9289202224;6;Soft CLAY
13.5319706694;35.9338686065;6;Thickness > 3m
13.5364503045;35.9347511558;6;Thickness > 3m
13.5294067769;35.9352019045;6;Soft CLAY
13.5249942907;35.9377464711;6;Thickness > 3m
13.5223082815;35.9387273532;6;dr
13.5318382843;35.9398199063;6;Soft CLAY
13.5227233387;35.9404417874;6;dr
13.5257659443;35.9410211948;6;Soft CLAY
13.5189563000;35.9422409835;6;dr
13.5229109930;35.9436387391;6;Thickness > 3m
13.5179716867;35.9457307620;6;Soft CLAY
13.5215988713;35.9463170145;6;Thickness > 3m
13.5143421869;35.9492881515;6;Thickness > 3m
13.5174759131;35.9540701230;6;Soft CLAY
13.5134202800;35.9578665411;6;Thickness > 3m
13.5098554580;35.9612214131;6;Soft CLAY
13.5042891874;35.9619159287;6;dr
13.5032047917;35.9628918321;6;dr
13.4999731272;35.9671878191;6;Soft CLAY
13.5006788475;35.9719350678;6;Soft CLAY
13.4957870392;35.9758200245;6;Soft CLAY
13.4920077595;35.9805654709;6;Soft CLAY
13.4903672260;35.9821679590;6;Thickness > 3m
13.4863443143;35.9841725418;6;dr
13.4843972916;35.9854315200;6;Soft CLAY
13.4821908495;35.9895281562;6;dr
13.4801276095;35.9920949802;6;Soft CLAY
13.4723077298;35.9956345205;6;Soft CLAY
13.4745341376;35.9983370532;6;Thickness > 3m
13.4721536659;36.0010082268;6;Soft CLAY
13.4660654997;36.0014056960;6;dr
13.4654150682;36.0041165882;6;Soft CLAY
13.4702005732;36.0053485049;6;pm
13.4686365674;36.0056358163;6;pm
13.4659826634;36.0067762394;6;pm
13.4642028396;36.0070790472;6;pm
13.4669008442;36.0073580847;6;dr
13.4622573456;36.0073602130;6;pm
13.4608735922;36.0116156865;6;Soft CLAY
13.4579955959;36.0119414690;6;dr
13.4566147183;36.0169614042;6;Soft CLAY
13.4515182321;36.0205649056;6;Thickness > 3m
13.4468593329;36.0263862028;6;Soft CLAY
13.4427950204;36.0295111264;6;dr
13.4409195141;36.0321274464;6;Soft CLAY
13.4398698169;36.0335293740;6;Thickness > 3m
13.4324893961;36.0366630784;6;dr
13.4292361763;36.0395442376;6;dr
13.4346485516;36.0399764285;6;Soft CLAY
13.4273310669;36.0414681130;6;dr
13.4263319916;36.0443277157;6;Thickness > 3m
13.4241027869;36.0452274512;6;dr
13.4269059611;36.0479768006;6;Soft CLAY
13.4233472529;36.0522162540;6;dr
13.4174979255;36.0542169734;6;Soft CLAY
13.4175349253;36.0577031081;6;Thickness > 3m
13.4096617432;36.0602086229;6;dr
13.4127497401;36.0623666120;6;Soft CLAY
13.4115241916;36.0643239457;6;Intense Scar Area
13.4035104372;36.0688819838;6;dr
13.4023945005;36.0691793655;6;dr
13.4047060835;36.0692569402;6;dr
13.4041951413;36.0707683650;6;Soft CLAY
13.4003690679;36.0751289449;6;Intense Scar Area
13.3968087821;36.0780895858;6;Soft CLAY
13.3927815157;36.0788370232;6;Thickness > 3m
13.3893702182;36.0814621509;6;Intense Scar Area
13.3893492072;36.0839743479;6;dr
13.3893354254;36.0864363799;6;fs
13.3849824185;36.0868909053;6;Soft CLAY
13.3879462442;36.0873182667;6;dr
13.3858417093;36.0894920026;6;Thickness > 3m
13.3810591962;36.0909879196;6;fs
13.3826252755;36.0934146990;6;Soft CLAY
13.3746403014;36.0962071606;6;pm
13.3762940578;36.0972246310;6;pm
13.3782919094;36.0975267013;6;pm
13.3775353483;36.0992970162;6;Intense Scar Area
13.3714471704;36.1010092199;6;Soft CLAY
13.3695822346;36.1033502106;6;Thickness > 3m
13.3663383407;36.1066951468;6;Soft CLAY
13.3698768208;36.1085101372;6;dr
13.3640776913;36.1105153286;6;pm
13.3678585974;36.1106982956;6;pm
13.3628954997;36.1107434820;6;pm
13.3655261006;36.1107592919;6;pm
13.3623960292;36.1114360815;6;dr
13.3670027259;36.1123907863;6;pm
13.3652533541;36.1126957402;6;pm
13.3643791287;36.1145312112;6;Soft CLAY
13.3607128663;36.1159585129;6;dr
13.3570780506;36.1183187064;6;Intense Scar Area
13.3607370078;36.1200995626;6;dr
13.3533241926;36.1218005415;6;Soft CLAY
13.3559777992;36.1228409088;6;Thickness > 3m
13.3534326417;36.1282776721;6;Soft CLAY
13.3526188503;36.1315833348;6;dr
13.3474822391;36.1345180790;6;Thickness > 3m
13.3479618801;36.1381828248;6;Soft CLAY
13.3448308241;36.1408783568;6;Intense Scar Area
13.3417958312;36.1437207373;6;Soft CLAY
13.3382441806;36.1450522490;6;dr
13.3383684380;36.1484332818;6;Thickness > 3m
13.3351638450;36.1511475793;6;Soft CLAY
13.3356143000;36.1575347228;6;Intense Scar Area
13.3308679634;36.1611660633;6;Soft CLAY
13.3313139829;36.1636509125;6;dr
13.3277913054;36.1662972438;6;dr
13.3331581854;36.1666372788;6;Soft CLAY
13.3322829738;36.1675082139;6;Thickness > 3m
13.3277816964;36.1688579007;6;dr
13.3278972416;36.1717008109;6;Intense Scar Area
13.3301201581;36.1741175041;6;Soft CLAY
13.3287621908;36.1759920991;6;dr
13.3300789369;36.1789964686;6;Intense Scar Area
13.3251885020;36.1811815933;6;Soft CLAY
13.3253781769;36.1830415662;6;dr
13.3285862646;36.1853316146;6;Intense Scar Area
13.3238519142;36.1873071015;6;Thickness > 3m
13.3286382197;36.1891854455;6;LEV - MAZARA IS
13.3257290638;36.1899786506;6;dr
13.3256879772;36.1909047719;6;dr
13.3257341585;36.1920964744;6;Soft CLAY
13.3265242965;36.1930244444;6;LICATA - LINOSA
13.3228165545;36.1942595733;6;Intense Scar Area
13.3247718047;36.1995872201;6;Soft CLAY
13.3246236820;36.2030803075;6;Intense Scar Area
13.3204944606;36.2036999237;6;Soft CLAY
13.3220818348;36.2051861898;6;Thickness > 3m
13.3224250628;36.2078642073;6;dr
13.3213885829;36.2124495571;6;Intense Scar Area
13.3163659720;36.2139650064;6;Soft CLAY
13.3198770963;36.2153619884;6;Thickness > 3m
13.3154344937;36.2175311661;6;Intense Scar Area
13.3121436652;36.2223191853;6;Intense Scar Area
13.3153305833;36.2227088762;6;Soft CLAY
13.3126077802;36.2267685409;6;Intense Scar Area
13.3085412339;36.2271015574;6;Soft SILT
13.3082705135;36.2320821293;6;Intense Scar Area
13.3041801766;36.2322462213;6;dr
13.3032691840;36.2344540606;6;Thickness > 3m
13.2989000307;36.2382672512;6;dr
13.3040865702;36.2384782317;6;Soft CLAY
13.2977307550;36.2440608549;6;Intense Scar Area
13.2918690101;36.2452367620;6;Soft CLAY
13.2861936824;36.2507745833;6;Intense Scar Area
13.2871860121;36.2540500455;6;Soft CLAY
13.2781520914;36.2573253862;6;Thickness > 3m
13.2764105552;36.2587873883;6;dr
13.2769354405;36.2624557196;6;Soft CLAY
13.2709872938;36.2641486216;6;Intense Scar Area
13.2731597375;36.2661260851;6;Soft CLAY
13.2656908804;36.2684137056;6;Thickness > 3m
13.2642531615;36.2733575463;6;Soft CLAY
13.2577089902;36.2745174462;6;dr
13.2587516704;36.2754127591;6;dr
13.2607509522;36.2761767886;6;Intense Scar Area
13.2561482111;36.2773547715;6;Thickness > 3m
13.2523185661;36.2776447345;6;Soft CLAY
13.2463200085;36.2837265182;6;Intense Scar Area
13.2409575966;36.2846918813;6;Soft CLAY
13.2437116262;36.2849242617;6;dr
13.2371584132;36.2868756769;6;Thickness > 3m
13.2331126548;36.2900346188;6;Intense Scar Area
13.2271845569;36.2925884975;6;Soft SILT
13.2299835311;36.2936859741;6;dr
13.2218506378;36.2948924111;6;dr
13.2221714615;36.2950999672;6;dr
13.2260938780;36.2963402803;6;Intense Scar Area
13.2184798949;36.2973376441;6;Thickness > 3m
13.2211107587;36.2992586008;6;Soft CLAY
13.2148652426;36.3011307199;6;dr
13.2139847029;36.3029624189;6;Intense Scar Area
13.2060366313;36.3036265121;6;dr
13.2031331698;36.3039118712;6;dr
13.2073840921;36.3040804869;6;dr
13.2107826507;36.3041396904;6;Soft CLAY
13.2027488134;36.3050350744;6;Thickness > 3m
13.2046570908;36.3050532838;6;dr
13.1988625989;36.3057056592;6;dr
13.1997127788;36.3067173447;6;dr
13.1973702984;36.3069433425;6;Intense Scar Area
13.1916439821;36.3097092277;6;dr
13.1971518062;36.3104038579;6;Soft CLAY
13.1875325642;36.3118138449;6;Intense Scar Area
13.1923239379;36.3128384735;6;Thickness > 3m
13.1859014111;36.3150427552;6;Soft CLAY
13.1770833955;36.3154078523;6;dr
13.1828582257;36.3155375315;6;dr
13.1821768633;36.3173043706;6;Intense Scar Area
13.1742737280;36.3176483540;6;Thickness > 3m
13.1779926254;36.3191681733;6;dr
13.1749049882;36.3203547043;6;Soft CLAY
13.1716003827;36.3205088021;6;dr
13.1677866363;36.3207513245;6;Intense Scar Area
13.1756611546;36.3211005053;6;dr
13.1666538983;36.3228401351;6;dr
13.1638281368;36.3234562021;6;dr
13.1652815055;36.3247915073;6;Soft CLAY
13.1525961596;36.3268852205;6;dr
13.1582688053;36.3279989000;6;Thickness > 3m
13.1516276004;36.3282125937;6;Intense Scar Area
13.1496483507;36.3290573282;6;dr
13.1526527083;36.3305400369;6;Soft CLAY
13.1455120216;36.3311091940;6;Soft CLAY
13.1455167016;36.3341577303;6;Thickness > 3m
13.1363901662;36.3348408446;6;Thickness > 3m
13.1391974292;36.3368001130;6;Soft CLAY
13.1324335053;36.3374637399;6;dr
13.1291856569;36.3391377556;6;Soft CLAY
13.1349170096;36.3393308449;6;Intense Scar Area
13.1281981411;36.3426397870;6;Thickness > 3m
13.1191360932;36.3428551516;6;dr
13.1188273866;36.3433935255;6;dr
13.1230094005;36.3443653329;6;Soft CLAY
13.1157766494;36.3447839632;6;Intense Scar Area
13.1141895126;36.3486901120;6;Thickness > 3m
13.1073831170;36.3488077113;6;Soft CLAY
13.1051507728;36.3522221744;6;Thickness > 3m
13.0997650443;36.3529058212;6;Intense Scar Area
13.0969070226;36.3565254525;6;Soft CLAY
13.0927714677;36.3577668484;6;Thickness > 3m
13.0872760472;36.3580165401;6;Soft CLAY
13.0867392553;36.3611137797;6;Intense Scar Area
13.0799525877;36.3612096698;6;Thickness > 3m
13.0871319357;36.3622980749;6;dr
13.0853324365;36.3626874968;6;Soft CLAY
13.0701603174;36.3642516265;6;dr
13.0725822633;36.3651346990;6;Intense Scar Area
13.0765974145;36.3654281640;6;Soft CLAY
13.0621665296;36.3695860405;6;Soft CLAY
13.0673116074;36.3696250833;6;Thickness > 3m
